Time,Wind_Speed,Wind_Gust,Wind_Direction,Pressure,Temperature_bm,Temperature_sh,Relative_Humidity
2026-10-06 13:16:11,3.59,4.50,320.1,992.4,23.7,24.1,32.3
2026-10-06 13:16:21,2.50,3.00,322.0,992.3,23.8,24.1,32.1
2026-10-06 13:16:31,1.12,1.50,331.4,992.3,23.8,24.2,32.9
2026-10-06 13:16:41,0.25,0.75,323.9,992.4,23.9,24.3,32.7
2026-10-06 13:16:51,0.25,0.75,338.9,992.3,24.0,24.3,32.6
2026-10-06 13:17:01,0.56,0.75,344.6,992.2,24.1,24.4,32.1
2026-10-06 13:17:11,1.25,2.25,9.5,992.3,24.1,24.5,33.3
2026-10-06 13:17:21,3.50,3.75,85.5,992.3,24.1,24.4,31.4
2026-10-06 13:17:32,5.25,6.00,94.2,992.3,24.1,24.4,31.2
2026-10-06 13:17:42,3.50,3.75,111.6,992.3,24.1,24.4,31.3
2026-10-06 13:17:52,2.44,3.00,101.6,992.3,24.0,24.4,31.2
2026-10-06 13:18:02,1.00,1.50,78.9,992.2,24.1,24.5,31.4
2026-10-06 13:18:12,1.25,1.50,7.0,992.4,24.1,24.5,31.5
2026-10-06 13:18:22,2.06,3.00,251.3,992.3,24.1,24.6,31.7
2026-10-06 13:18:32,5.75,7.50,336.1,992.3,24.1,24.5,31.7
2026-10-06 13:18:42,5.00,6.00,351.7,992.3,24.1,24.5,31.6
2026-10-06 13:18:52,8.25,9.75,320.3,992.3,24.0,24.4,31.5
2026-10-06 13:19:02,7.25,7.50,330.7,992.3,23.9,24.3,31.6
2026-10-06 13:19:12,8.50,9.00,311.6,992.3,23.8,24.2,32.0
2026-10-06 13:19:22,5.81,6.00,325.3,992.2,23.8,24.1,32.2
2026-10-06 13:19:32,6.25,6.75,313.0,992.3,23.8,24.1,32.4
2026-10-06 13:19:42,4.31,5.25,324.0,992.3,23.8,24.1,32.5
2026-10-06 13:19:52,4.75,5.25,306.3,992.3,23.7,24.1,32.7
2026-10-06 13:20:03,4.00,4.50,298.5,992.3,23.7,24.1,32.7
2026-10-06 13:20:13,3.94,4.50,303.4,992.3,23.7,24.1,32.8
2026-10-06 13:20:23,3.00,3.75,294.1,992.3,23.7,24.1,32.8
2026-10-06 13:20:33,1.75,2.25,289.7,992.3,23.8,24.2,33.1
2026-10-06 13:20:43,2.06,3.00,313.9,992.2,23.8,24.2,33.3
2026-10-06 13:20:53,2.50,3.00,309.5,992.2,23.9,24.3,33.3
2026-10-06 13:21:03,3.50,4.50,308.5,992.2,23.9,24.3,32.8
2026-10-06 13:21:13,7.50,9.00,321.5,992.2,23.8,24.2,32.3
2026-10-06 13:21:23,6.00,6.00,307.3,992.2,23.8,24.2,32.5
2026-10-06 13:21:33,4.75,6.00,305.7,992.3,23.8,24.2,33.0
2026-10-06 13:21:43,2.62,3.75,316.6,992.3,23.8,24.2,33.2
2026-10-06 13:21:53,5.50,6.00,276.0,992.2,23.8,24.2,32.2
2026-10-06 13:22:03,3.00,3.00,317.1,992.2,23.8,24.2,32.3
2026-10-06 13:22:13,3.25,3.75,305.3,992.2,23.8,24.2,33.2
2026-10-06 13:22:24,3.00,3.00,308.7,992.3,23.8,24.2,33.5
2026-10-06 13:22:34,2.44,3.00,312.1,992.2,23.9,24.2,33.0
2026-10-06 13:22:44,3.00,3.75,321.6,992.1,23.9,24.3,32.9
2026-10-06 13:22:54,2.50,3.00,330.7,992.3,24.0,24.4,33.1
2026-10-06 13:23:04,1.31,1.50,336.3,992.3,24.0,24.4,32.7
2026-10-06 13:23:14,3.25,3.75,324.2,992.2,24.1,24.5,33.2
2026-10-06 13:23:24,4.75,6.75,321.0,992.2,24.1,24.5,32.1
2026-10-06 13:23:34,5.06,6.00,300.2,992.3,24.1,24.5,32.6
2026-10-06 13:23:44,7.00,8.25,305.8,992.2,24.0,24.4,31.4
2026-10-06 13:23:54,5.50,6.75,310.3,992.2,23.9,24.4,31.5
2026-10-06 13:24:04,3.56,3.75,318.1,992.3,23.9,24.3,32.5
2026-10-06 13:24:14,2.50,3.00,315.6,992.2,23.9,24.4,32.6
2026-10-06 13:24:24,1.69,2.25,328.3,992.2,24.0,24.4,32.2
2026-10-06 13:24:34,1.00,1.50,328.4,992.3,24.0,24.5,32.3
2026-10-06 13:24:45,0.50,0.75,328.6,992.3,24.1,24.6,32.1
2026-10-06 13:24:55,0.56,0.75,335.3,992.2,24.2,24.6,32.4
2026-10-06 13:25:05,4.00,4.50,341.8,992.3,24.2,24.6,31.5
2026-10-06 13:25:15,3.75,4.50,232.9,992.2,24.2,24.6,31.4
2026-10-06 13:25:25,3.00,3.00,274.6,992.2,24.2,24.6,31.6
2026-10-06 13:25:35,3.00,3.75,326.3,992.2,24.3,24.6,31.6
2026-10-06 13:25:45,2.25,2.25,1.3,992.2,24.3,24.7,31.4
2026-10-06 13:25:55,2.44,3.00,259.5,992.2,24.4,24.7,31.2
2026-10-06 13:26:05,2.25,2.25,345.4,992.2,24.4,24.8,31.4
2026-10-06 13:26:15,2.25,2.25,23.3,992.1,24.4,24.8,31.7
2026-10-06 13:26:25,3.19,3.75,50.9,992.2,24.5,24.8,30.9
2026-10-06 13:26:35,3.25,3.75,29.9,992.2,24.5,24.8,31.3
2026-10-06 13:26:45,2.50,3.00,67.3,992.2,24.5,24.8,30.9
2026-10-06 13:26:55,1.69,2.25,54.5,992.1,24.5,24.9,30.9
2026-10-06 13:27:05,1.25,1.50,54.1,992.2,24.6,24.9,30.8
2026-10-06 13:27:16,1.31,1.50,36.3,992.2,24.6,25.0,31.2
2026-10-06 13:27:26,2.00,2.25,235.7,992.2,24.7,25.0,31.1
2026-10-06 13:27:36,5.25,6.75,314.5,992.1,24.6,25.0,30.6
2026-10-06 13:27:46,6.00,6.75,330.3,992.1,24.5,24.9,30.3
2026-10-06 13:27:56,4.50,4.50,321.8,992.1,24.5,24.8,30.4
2026-10-06 13:28:06,4.50,5.25,312.7,992.2,24.4,24.7,30.8
2026-10-06 13:28:16,4.31,5.25,320.1,992.1,24.4,24.7,30.9
2026-10-06 13:28:26,4.00,4.50,319.2,992.2,24.3,24.6,31.2
2026-10-06 13:28:36,4.00,4.50,320.4,992.1,24.3,24.6,31.1
2026-10-06 13:28:46,4.12,4.50,312.8,992.1,24.3,24.6,31.5
2026-10-06 13:28:56,2.50,3.00,306.5,992.1,24.3,24.6,31.6
2026-10-06 13:29:06,2.25,2.25,327.4,992.1,24.3,24.6,31.5
2026-10-06 13:29:16,1.50,1.50,331.2,992.2,24.3,24.7,31.5
2026-10-06 13:29:26,1.00,1.50,331.4,992.0,24.4,24.7,31.5
2026-10-06 13:29:37,1.31,1.50,329.7,992.1,24.4,24.8,31.6
2026-10-06 13:29:47,2.00,3.00,338.8,992.2,24.5,24.8,32.0
2026-10-06 13:29:57,4.00,4.50,347.7,992.1,24.5,24.9,31.3
2026-10-06 13:30:07,4.31,6.75,340.3,992.1,24.5,24.8,31.1
2026-10-06 13:30:17,5.00,6.00,233.0,992.0,24.5,24.7,30.9
2026-10-06 13:30:27,4.50,5.25,225.6,992.1,24.4,24.7,30.8
2026-10-06 13:30:37,4.31,5.25,321.5,992.1,24.4,24.7,31.1
2026-10-06 13:30:47,5.75,6.75,343.9,992.1,24.3,24.5,31.5
2026-10-06 13:30:57,6.25,7.50,341.7,992.1,24.3,24.5,31.5
2026-10-06 13:31:07,4.12,4.50,310.5,992.1,24.3,24.5,31.8
2026-10-06 13:31:17,4.50,5.25,315.3,992.0,24.2,24.4,31.8
2026-10-06 13:31:27,5.50,6.00,317.2,992.1,24.2,24.4,32.1
2026-10-06 13:31:37,4.88,5.25,310.0,992.1,24.2,24.4,32.6
2026-10-06 13:31:47,3.00,3.75,321.8,992.1,24.2,24.4,32.8
2026-10-06 13:31:57,4.12,4.50,313.6,992.0,24.2,24.5,33.0
2026-10-06 13:32:08,4.00,4.50,330.2,992.1,24.2,24.5,32.9
2026-10-06 13:32:18,4.25,4.50,324.3,992.0,24.2,24.5,32.1
2026-10-06 13:32:28,4.31,4.50,328.4,992.1,24.2,24.5,32.4
2026-10-06 13:32:38,2.75,3.75,329.9,992.1,24.3,24.6,32.7
2026-10-06 13:32:48,1.50,1.50,328.1,992.1,24.3,24.6,33.2
2026-10-06 13:32:58,3.75,4.50,322.8,992.1,24.4,24.7,32.8
2026-10-06 13:33:08,4.25,5.25,321.0,992.0,24.4,24.7,31.6
2026-10-06 13:33:18,3.25,3.75,320.5,992.1,24.4,24.7,31.7
2026-10-06 13:33:28,2.81,3.00,307.8,992.1,24.5,24.8,32.6
2026-10-06 13:33:38,4.75,6.75,333.1,992.1,24.5,24.7,31.5
2026-10-06 13:33:48,6.00,7.50,329.2,992.1,24.4,24.7,31.2
2026-10-06 13:33:58,6.19,8.25,320.6,992.0,24.4,24.7,31.3
2026-10-06 13:34:08,6.00,6.75,313.5,992.0,24.3,24.6,31.2
2026-10-06 13:34:18,5.25,6.00,327.7,992.1,24.3,24.6,31.2
2026-10-06 13:34:29,3.25,4.50,251.4,992.0,24.3,24.6,31.1
2026-10-06 13:34:39,5.50,7.50,315.7,992.0,24.3,24.5,31.1
2026-10-06 13:34:49,6.94,8.25,319.9,992.0,24.2,24.5,31.0
2026-10-06 13:34:59,4.50,5.25,311.4,992.1,24.2,24.4,31.3
2026-10-06 13:35:09,4.75,5.25,286.2,992.0,24.1,24.4,31.4
2026-10-06 13:35:19,3.75,4.50,330.1,992.0,24.1,24.4,31.5
2026-10-06 13:35:29,4.50,6.75,330.8,992.0,24.0,24.3,31.5
2026-10-06 13:35:39,7.50,9.00,321.3,992.0,23.9,24.3,31.5
2026-10-06 13:35:49,6.19,6.75,307.1,992.0,23.9,24.2,31.4
2026-10-06 13:35:59,4.00,4.50,326.7,992.0,23.9,24.2,31.6
2026-10-06 13:36:09,3.00,3.75,332.0,992.0,23.9,24.2,31.9
2026-10-06 13:36:19,3.00,3.75,324.8,992.0,23.9,24.2,31.9
2026-10-06 13:36:29,4.25,4.50,323.7,991.9,23.9,24.2,32.0
2026-10-06 13:36:39,4.88,6.00,325.7,991.9,23.9,24.2,32.2
2026-10-06 13:36:49,5.00,5.25,321.1,991.9,23.9,24.2,32.1
2026-10-06 13:37:00,4.00,4.50,300.4,992.0,23.9,24.2,32.0
2026-10-06 13:37:10,4.12,4.50,319.0,992.0,23.9,24.2,32.3
2026-10-06 13:37:20,6.00,6.75,319.8,992.0,23.8,24.1,31.8
2026-10-06 13:37:30,5.25,5.25,317.9,991.9,23.8,24.1,31.5
2026-10-06 14:59:15,0.00,0.00,29.0,990.6,21.7,22.1,38.0
2026-10-06 14:59:25,0.00,0.00,29.3,990.6,21.7,22.1,37.9
2026-10-06 14:59:35,0.00,0.00,29.6,990.6,21.7,22.1,37.9
2026-10-06 14:59:45,0.00,0.00,29.2,990.6,21.7,22.1,37.8
2026-10-06 14:59:55,0.00,0.00,28.9,990.6,21.7,22.1,37.7
2026-10-06 15:00:05,0.00,0.00,28.9,990.6,21.7,22.1,37.7
2026-10-06 15:00:15,0.00,0.00,29.0,990.6,21.7,22.0,37.6
2026-10-06 15:00:25,0.00,0.00,29.0,990.6,21.7,22.1,37.6
2026-10-06 15:00:36,0.00,0.00,28.7,990.6,21.7,22.0,37.6
2026-10-06 15:00:46,0.00,0.00,29.2,990.6,21.7,22.1,37.6
2026-10-06 15:23:30,0.00,0.00,29.2,990.3,20.9,21.2,37.7
2026-10-06 15:23:40,0.00,0.00,29.1,990.2,20.9,21.2,37.7
2026-10-06 15:23:50,0.00,0.00,29.2,990.3,20.9,21.2,37.7
2026-10-06 15:24:00,0.00,0.00,28.9,990.3,20.9,21.2,37.7
2026-10-06 15:24:10,0.00,0.00,29.0,990.2,20.9,21.2,37.7
2026-10-06 15:24:20,0.00,0.00,28.9,990.2,20.8,21.2,37.7
2026-10-06 15:24:30,0.00,0.00,29.1,990.2,20.8,21.1,37.7
2026-10-06 15:24:40,0.00,0.00,29.1,990.2,20.8,21.2,37.7
2026-10-06 15:24:50,0.00,0.00,29.0,990.2,20.8,21.2,37.7
2026-10-06 15:25:00,0.00,0.00,29.0,990.2,20.8,21.2,37.7
2026-10-06 15:25:10,0.00,0.00,28.9,990.3,20.8,21.2,37.7
2026-10-06 15:25:20,0.00,0.00,28.9,990.2,20.8,21.1,37.7
2026-10-06 15:25:31,0.00,0.00,28.9,990.2,20.8,21.1,37.7
2026-10-06 15:25:41,0.00,0.00,28.9,990.2,20.8,21.1,37.6
2026-10-06 15:25:51,0.00,0.00,28.8,990.2,20.8,21.1,37.7
2026-10-06 15:26:01,0.00,0.00,28.9,990.2,20.8,21.1,37.6
2026-10-06 15:26:11,0.00,0.00,28.9,990.2,20.8,21.1,37.6
2026-10-06 15:26:21,0.00,0.00,29.1,990.3,20.8,21.1,37.6
2026-10-06 15:26:31,0.00,0.00,28.8,990.2,20.8,21.1,37.6
2026-10-06 15:26:41,0.00,0.00,29.1,990.2,20.8,21.1,37.6
2026-10-06 15:26:51,0.00,0.00,28.9,990.1,20.8,21.1,37.6
2026-10-06 15:27:01,0.00,0.00,29.0,990.2,20.8,21.1,37.6
2026-10-06 15:27:11,0.00,0.00,28.9,990.2,20.8,21.1,37.6
2026-10-06 15:27:21,0.00,0.00,28.9,990.2,20.8,21.1,37.6
2026-10-06 15:27:31,0.00,0.00,28.9,990.2,20.8,21.1,37.6
2026-10-06 15:27:41,0.00,0.00,28.8,990.1,20.8,21.1,37.5
2026-10-06 15:27:52,0.00,0.00,28.8,990.1,20.8,21.1,37.4
2026-10-06 15:28:02,0.00,0.00,29.0,990.1,20.8,21.1,37.6
2026-10-06 15:28:12,0.00,0.00,28.9,990.1,20.7,21.1,37.7
2026-10-06 15:28:22,0.00,0.00,28.8,990.2,20.7,21.1,37.8
2026-10-06 15:28:32,0.00,0.00,29.0,990.1,20.7,21.1,37.7
2026-10-06 15:28:42,0.00,0.00,28.9,990.1,20.7,21.0,37.6
2026-10-06 15:28:52,0.00,0.00,28.9,990.2,20.7,21.0,37.6
2026-10-06 15:29:02,0.00,0.00,28.9,990.2,20.7,21.0,37.6
2026-10-06 15:29:12,0.00,0.00,28.9,990.1,20.7,21.0,37.6
2026-10-06 15:29:22,0.00,0.00,29.0,990.1,20.7,21.0,37.5
2026-10-06 15:29:32,0.00,0.00,29.3,990.1,20.7,21.0,37.5
2026-10-06 15:29:42,0.00,0.00,28.9,990.1,20.7,21.0,37.4
2026-10-06 15:29:52,0.00,0.00,29.0,990.1,20.7,21.0,37.4
